"time","Inf.Asintomaticos","Inf.Leves","Inf.Hosp","Inf.UCI","Total.infecciosos","Defunciones","Removidos","Defunciones_por_dia","Removidos_por_dia"
0,34,34,5,6,78.9999999999999,0,0,0,0
1,48.354035122011,63.432575310153,10.4663780646055,8.59595207079201,130.848940567561,0.197392002624613,5.83678612259991,0.197392002624613,5.83678612259991
2,56.0101791533088,80.8777997906551,13.7787300149578,10.1202722212312,160.786981180153,0.458545110221745,13.6417417866505,0.261153107597132,7.80495566405064
3,62.2837521455827,95.9164523942191,16.6694828355295,11.438962947619,186.30865032295,0.765507143926474,22.8111186097586,0.306962033704729,9.16937682310809
4,68.9442294059116,111.772122981575,19.7234204282582,12.8442134768023,213.283986292547,1.11709331965446,33.2917484451576,0.351586175727989,10.4806298353989
5,76.6806157387751,129.736194259783,23.1768668686311,14.4539910713293,244.047667938518,1.51813399069887,45.2256869872378,0.401040671044407,11.9339385420802
6,85.8690222493019,150.546339718715,27.1667064850165,16.3365507574334,279.918619210466,1.97626956469693,58.8438841289894,0.458135573998055,13.6181971417516
7,96.8129619350331,174.81892673486,31.8085529196211,18.5495195560513,321.989961145565,2.50110226660086,74.4375611520752,0.524832701903934,15.5936770230859
8,109.81997214401,203.187793361583,37.2218977170288,21.1524704893734,371.382133711995,3.1040935411615,92.354108831906,0.602991274560642,17.9165476798308
9,125.227331208939,236.351743661548,43.5387798616869,24.2112570731507,429.329111805324,3.79870695469381,113.000993003038,0.694613413532308,20.6468841711321
9,125.227331208939,236.351743661548,43.5387798616869,24.2112570731507,429.329111805324,3.79870695469381,113.000993003038,0,0
10,136.636884395946,262.569130315786,48.6240698071774,26.6581550684329,474.488239587342,4.58771960985135,136.434231181417,0.789012655157536,23.4332381783786
11,142.63215929063,278.962675586992,51.9383909185737,28.2233229366516,501.756548732848,5.43946641373269,161.601147849534,0.851746803881348,25.1669166681174
12,146.94205022933,292.227289701907,54.6904420586185,29.5109629040644,523.37074489392,6.33706207285235,187.944938875162,0.89759565911966,26.3437910256281
13,150.829576595263,304.64037472686,57.2916159560255,30.7266298992074,543.488197177356,7.27545049286938,215.299048226699,0.938388420017022,27.3541093515371
14,154.723008970541,316.983488384471,59.8833290465994,31.9408962499402,563.530722651551,8.25361248258707,243.62966397954,0.978161989717699,28.3306157528408
15,158.769248900257,329.533654362849,62.5159465477365,33.1788140032429,583.997663814085,9.27193044874642,272.948641550377,1.01831796615935,29.3189775708369
15,158.769248900257,329.533654362849,62.5159465477365,33.1788140032429,583.997663814085,9.27193044874642,272.948641550377,0,0
16,163.02684700051,342.409509922358,65.211280355534,34.4511636643698,605.098800942772,10.3313109521198,303.284509045979,1.05938050337339,30.335867495602
17,167.538205933267,355.701633969881,67.9861688527903,35.7662439018184,626.992252657757,11.4329576243347,334.674912296968,1.10164667221488,31.3904032509892
18,172.33023519293,369.47307538077,70.8525345443659,37.1299001700204,649.785745288087,12.578301810406,367.164254828284,1.1453441860713,32.4893425313157
19,177.423541203914,383.775666065109,73.8203184067852,38.5469916997302,673.566517375539,13.7689431054522,400.801707427387,1.19064129504625,33.6374525991029
20,182.838606972882,398.661222117221,76.8995080540738,40.0224054142032,698.421742558379,15.0066372525015,435.640774381972,1.23769414704926,34.8390669545858
21,188.59806350576,414.1857481564,80.1009031827373,41.5614384509727,724.44615329587,16.2933029351666,471.739484720552,1.28666568266509,36.0987103385796
22,194.72767417138,430.411346485923,83.436468106031,43.1699742895184,751.745463052853,17.6310388427101,509.160903188786,1.33773590754354,37.4214184682343
23,201.256861314592,447.407309827586,86.9195370640401,44.8545852324741,780.438293438692,19.0221433240249,547.973725733983,1.39110448131477,38.8128225451963
24,208.219107265192,465.250998386029,90.5649815796616,46.6226159325081,810.657703163391,20.4691376465818,588.252980434654,1.44699432255687,40.2792547006716
25,215.65240260433,484.028825001456,94.3893995888879,48.4822778758648,842.552905070538,21.9747958869937,630.08091812395,1.50565824041191,41.8279376892957
26,223.599552623064,503.836965677718,98.4112525718233,50.4427177076437,876.290488580249,23.5421682818513,673.547718674066,1.56737239485762,43.4668005501165
27,232.108638556214,524.782382626898,102.65106284525,52.5141157952978,912.05619982366,25.174615274645,718.752499878731,1.63244699279367,45.2047812046646
28,241.233496579484,546.983886370609,107.131618124691,54.7077883748012,950.056789449586,26.8758421609023,765.804345064678,1.70122688625729,47.0518451859472
29,251.034227715328,570.573265445445,111.878189348909,57.0362963373073,990.52197884699,28.649936899613,814.823421018474,1.77409473871078,49.0190759537959
30,261.577770609606,595.696547122596,116.918773586536,59.5135665627527,1033.70665788149,30.5014120060914,865.94221324862,1.85147510647834,51.1187922301455
31,272.938510470205,622.515332617008,122.284351232578,62.1550204066491,1079.89321472644,32.4352489298198,919.306831794514,1.93383692372843,53.3646185458948
32,285.199012985877,651.208399627088,128.009194540831,64.9777278487993,1129.3943350026,34.4569510323651,975.078567412274,2.02170210254529,55.7717356177595
33,298.450768043102,681.973316299461,134.131178042291,68.0005626038431,1182.5558249887,36.5725962177724,1033.43543444447,2.1156451854073,58.3568670321943
34,312.795048755139,715.028305932057,140.69213733295,71.2443814106799,1239.75987343083,38.7888982579369,1094.57396739172,2.21630204016447,61.1385329472525
35,328.343861549499,750.614300835243,147.738263963335,74.7322213794129,1301.42864772749,41.1132735974843,1158.7111757173,2.32437533954739,64.1372083255785
36,345.221016543271,788.997242066845,155.320546939511,78.4895206480501,1368.02832619768,43.5539142648514,1226.08667528255,2.44064066736716,67.3754995652509
37,363.563286285337,830.470576109626,163.495252573138,82.5443582177434,1440.07347318584,46.1198686936268,1296.96505033226,2.56595442877538,70.8783750497068
38,383.521716632372,875.358062872548,172.324463319627,86.9277232849478,1518.13196610949,48.8211301014582,1371.63843483595,2.70126140783137,74.6733845036931
39,405.263084198738,924.016895322056,181.876676386292,91.6738144621687,1602.83047036926,51.6687345704645,1450.4293765476,2.8476044690063,78.7909417116464
40,428.971519526092,976.841165975684,192.22746852084,96.8203720922926,1694.86052611491,54.674868842516,1533.69398421228,3.00613427205148,83.2646076646824
41,454.850321285125,1034.26573694256,203.460238000153,102.409049165867,1794.9853453937,57.8529899879161,1621.82542139019,3.17812114540014,88.1314371779124
42,483.123941243181,1096.77046623264,215.667014507429,108.485816187078,1904.04723817032,61.2179546973601,1715.25768130765,3.36496470944401,93.4322599174543
43,514.040283133551,1164.88509827602,228.949396085789,115.101429577496,2022.97620707286,64.7861680872004,1814.46993206037,3.56821338984032,99.2122507527206
44,547.873208965299,1239.19458727201,243.419568548157,122.311941313765,2152.79930609923,68.5757440156314,1919.99119875357,3.78957592843096,105.521266693202
45,584.925315996602,1320.3449880914,259.20143314801,130.179262698486,2294.6509999345,72.6066809332521,2032.40550049967,4.03093691762066,112.414301746098
46,625.531106007792,1409.05017727457,276.431893025089,138.771807519045,2449.7849838265,76.9010617797231,2152.35769171901,4.29438084647101,119.952191219341
47,670.060486995345,1506.09927030107,295.262272397249,148.165201583341,2619.58723127701,81.4832726033575,2280.55985248502,4.58221082363444,128.202160766011
48,718.922723036361,1612.36497463596,315.85991396729,158.443081365129,2805.59069300474,86.3802458003433,2417.79840064495,4.89697319698577,137.238548159934
49,772.570827436467,1728.81288222053,338.409956064519,169.697982518991,3009.49164824051,91.6217303840341,2564.94199770565,5.24148458369083,147.143597060698
50,831.506476204167,1856.51185778497,363.117319018108,182.03233301339,3233.16798602064,97.240592490871,2722.95034274555,5.61886210683689,158.008345039897
51,896.285619684528,1996.64587391214,390.208966350875,195.559583675756,3478.7000436233,103.273151643674,2892.8840155876,6.03255915280255,169.933672842051
52,967.524492655847,2150.52669399139,419.936328336827,210.405419923168,3748.39293490724,109.759541411872,3075.91503928039,6.48638976819814,183.031023692788
53,1045.90690492474,2319.60926001649,452.578242476499,226.709231949612,4044.80363936735,116.744146220709,3273.33967858669,6.9846048088371,197.424639306304
54,1132.19177296705,2505.50754478295,488.443979942889,244.625627906182,4370.76892559907,124.276042072612,3486.59135775672,7.53189585190292,213.251679170026
55,1227.22206510228,2710.0133970064,527.876844369382,264.326233249579,4729.43853972764,132.409522287975,3717.25607718868,8.13348021536359,230.664719431962
56,1331.934676047,2935.11732150478,571.258138633537,286.001674092176,5124.31181027749,141.204671328206,3967.0892476274,8.79514904023077,249.833170438725
57,1447.37153514194,3183.03184261093,619.011623810997,309.863806638547,5559.27880820241,150.728005777421,4238.03450272875,9.52333444921462,270.945255101353
58,1574.69219455374,3456.21796487882,671.608568123635,336.148241620463,6038.66696917666,161.053195394656,4532.24487101451,10.3251896172356,294.210368285753
59,1715.18797337123,3757.41488510518,729.57341488406,365.117178231819,6567.29345159229,172.261866914979,4852.10638808018,11.2086715203229,319.861517065673
60,1870.29778217298,4089.6732183657,793.49011956451,397.062572627309,7150.5236927305,184.444497424245,5200.26435165965,12.182630509266,348.157963579473
61,2041.62667281421,4456.39392138571,864.009571714333,432.309848845524,7794.34001475977,197.7014534607,5579.65387279484,13.2569560364551,379.389521135187
62,2230.96552501959,4861.36956782173,941.85746297815,471.221832786585,8505.41438860605,212.144083367864,5993.53200822307,14.442629907164,413.878135428228
63,2440.31445014803,5308.83341077172,1027.84363883499,514.203428048762,9291.1949278035,227.896011269801,6445.51583891249,15.751927901937,451.983830689424
64,2671.90872739682,5803.51371796056,1122.8724527355,561.706792966642,10160.0016910595,245.094559222166,6939.6243401136,17.1985479523643,494.108501201101
65,2928.24848098595,6350.69587817142,1227.95459671029,614.237255885904,11121.1362117536,263.892356475944,7480.32577990649,18.7977972537784,540.701439792894
66,3212.13186575927,6956.29186837706,1344.22033469236,672.359931796352,12185.004000625,284.459137360928,8072.59069858795,20.5667808849835,592.264918681465
67,3526.69371496753,7626.92107345286,1472.93489310128,736.707417597776,13363.2570991194,306.983813661517,8721.95299785897,22.5246763005895,649.362299271018
68,3875.44597345625,8369.99478792342,1615.51454841028,807.987835852907,14668.9431456429,331.676621733903,9434.57328067066,24.6928080723856,712.620282811691
69,4262.32957259313,9193.82464174469,1773.54727041633,886.995156403635,16116.6966411578,358.771881837351,10217.3202420453,27.0952601034485,782.746961374654
70,4691.76919936755,10107.7369755167,1948.81449073192,974.620080591034,17722.9407462072,388.530876797777,11077.8556445721,29.7589949604259,860.535402526741
71,5168.73421141949,11122.1999932664,2143.31529868052,1071.86213917667,19506.1116425431,421.245031622856,12024.7282261658,32.7141548250786,946.872581593734
72,5698.81114338838,12248.9751075624,2359.29524043434,1179.84409189231,21486.9255832774,457.239695716326,13067.4854141971,35.9946640934709,1042.75718803126
73,6288.28503721163,13501.2866139569,2599.27859918145,1299.82806750117,23688.6783178511,496.878352916569,14216.7977428416,39.6386572002427,1149.31232864458
74,6944.23039725667,14894.0114272718,2866.10449000397,1433.2336112167,26137.5799257491,540.567316343258,15484.5976442128,43.6889634266892,1267.79990137113
75,7674.61640232753,16443.8984996447,3162.96859676979,1581.65855312857,28863.1420518706,588.761136405695,16884.2393738599,48.1938200624369,1399.64172964712
76,8488.42363420841,18169.8122608561,3493.46947768141,1746.9021609583,31898.6075337042,641.968590116921,18430.6761823859,53.2074537112255,1546.43680852607
77,9395.78261163179,20093.0215232264,3861.6635171449,1930.99261597493,35281.4602679781,700.759775704353,20140.6702379065,58.7911855874327,1709.99405552059
78,10408.1197657924,22237.5039975222,4272.12285154644,2136.21597586674,39053.9625907277,765.773594475208,22033.0140683107,65.0138187708549,1892.34383040419
79,11538.3325458253,24630.3116056666,4730.00486126929,2365.15092073233,43263.7999334935,837.72672412602,24128.7961844449,71.9531296508118,2095.78211613423
80,12800.9818923146,27301.9723457872,5241.12863470901,2620.70698507218,47964.789857883,917.423536718424,26451.6947169202,79.6968125924035,2322.89853247522
81,14212.5108229023,30286.9468379005,5812.06184670519,2906.16799698905,53217.687504497,1005.76739217973,29028.311795324,88.3438554613018,2576.61707840387
82,15791.4881715949,33624.1380640459,6450.21780025172,3225.24059902814,59091.0846349206,1103.77336401535,31888.5503402434,98.005971835623,2860.23854491936
83,17558.8811701022,37357.4620750599,7163.96411625776,3582.10859304333,65662.4159544632,1212.58261266906,35066.0395986025,108.809248653715,3177.48925835914
84,19538.3587906412,41536.4842332578,7962.74397668846,3981.49356175368,73019.0805623412,1333.47863149871,38598.6160281304,120.896018829645,3532.57642952789
85,21756.6250964886,46217.1199323135,8857.20975374898,4428.72168332236,81259.6764658734,1467.9054514686,42528.8619874611,134.426819969889,3930.24595933063
86,24243.7864482689,51462.4088404019,9859.37081208381,4929.79763244341,90495.363733198,1617.48823865326,46904.7149453371,149.582787184662,4375.85295787609
87,27033.7436924739,57343.344950499,10982.7521675284,5491.48390970559,100851.324720207,1784.05603141052,51780.139533197,166.567792757262,4875.42458785984
88,30164.6257026701,63939.7984629601,12242.5709796136,6121.38908783255,112468.384233076,1969.66791153989,57215.9004153387,185.611880129365,5435.7608821417
89,33679.2196803095,71341.4390547116,13655.9138364536,6828.05645411587,125504.629025591,2176.64090332403,63280.3852173357,206.972991784149,6064.48480199703
90,37625.4361361824,79648.7395843755,15241.9298874488,7621.06057675541,140137.166184762,2407.58169738456,70050.5388398428,230.940794060521,6770.15362250712
91,42056.7559830573,88973.9583324547,17022.0209264151,8511.10234641381,156563.837588341,2665.42119405691,77612.8788732546,257.839496672358,7562.34003341172
92,47032.6520803039,99442.0848864755,19020.0256891589,9510.10112499362,175004.863780932,2953.45193440026,86064.5930414405,288.030740343351,8451.71416818595
93,52618.9609775524,111191.704161749,21262.3900532817,10631.2798455305,195704.335038114,3275.36848944585,95514.7194775238,321.916555045581,9450.12643608334
94,58888.153550707,124375.680744161,23778.3051393482,11889.2340627674,218931.373496984,3635.31040901668,106085.396376565,359.941919570831,10570.6768990413
95,65919.4582350598,139161.572342337,26599.7963454745,13299.9764704407,244980.803393312,4037.90690721084,117913.154555787,402.596498194165,11827.7581792218
96,73798.7760109012,155731.653658008,29761.7413088983,14880.9458820557,274173.116859863,4488.3224156648,131150.224550157,450.415508453962,13237.0699943705
97,82618.3118549365,174282.402790504,33301.7893044339,16650.9669301069,306853.470879981,4992.3017004445,145965.81644865,503.979284779698,14815.5918984927
98,92475.8260570057,195023.261054424,37260.1469721134,18630.14292989,343389.377013433,5556.21305466144,162547.324067492,563.911354216938,16581.507618842
99,103473.433515702,218174.513418447,41679.2012000598,20839.6673209316,384166.81545514,6187.08589978193,181101.342151495,630.872845120489,18554.0180840027
100,115715.879314426,243964.145542597,46602.9522752449,23301.5402423602,429584.517374628,6892.64171425794,201854.457829234,705.555814476008,20753.1156777387
101,129308.160512535,272623.41302709,52076.2074876495,26038.1653349797,480045.946362254,7681.31365221615,225053.676056865,788.671937958214,23199.2182276318
102,144352.568022814,304381.237000615,58143.5545682311,29071.8364602468,535949.196051907,8562.25155667596,250966.376692267,880.937904459815,25912.7006354021
103,160945.102487081,339457.320514192,64848.0943367939,32424.1040241988,597674.621362265,9545.308589111,279879.688841861,983.057032435034,28913.312149594
104,179171.439254921,378054.290415409,72229.9867719144,36115.0480124113,665570.764454655,10641.0060629981,312099.181607119,1095.69747388706,32219.4927652577
105,199102.650601314,420349.236603324,80324.8773202301,40162.4911446353,739939.255669503,11860.4738862022,347946.796858153,1219.46782320413,35847.6152510337
106,220791.047858608,466485.318573667,89162.3252916967,44581.213072421,821019.904796393,13215.3656295257,387758.003561351,1354.89174332355,39811.206703198
107,244266.592376937,516564.284842354,98764.3891955989,49382.243047118,908977.509462007,14717.7495918939,431878.228315916,1502.38396236816,44120.2247545648
108,269534.369246195,570640.848206321,109144.54248667,54572.3177929285,1003892.07773211,16379.9793048333,480658.682320504,1662.22971293942,48780.4540045888
109,296573.580529334,628719.819547643,120307.08762107,60153.5885348931,1105754.07623294,18214.5508604737,534451.829683607,1834.57155564041,53793.1473631021
110,325338.330080007,690756.569605329,132247.176151664,66123.6310465227,1214465.70688352,20233.9558281168,593606.781641552,2019.40496764305,59154.9519579457
111,355760.276987993,756661.030658074,144951.477660377,72475.7801159741,1329848.56542242,22450.5388861912,658464.910522261,2216.58305807445,64858.1288807084
112,387752.821771861,826304.700440032,158399.404708312,79199.7420211028,1451656.66894131,24876.3714424933,729356.038598487,2425.83255630209,70891.1280762265
113,421216.30037052,899529.726573131,172564.728998086,86282.402610627,1579593.15855237,27523.1482462318,806595.41573286,2646.7768037385,77239.3771343734
114,456043.651614056,976159.108534968,187417.414980603,93708.7441075089,1713328.91923714,30402.1108196289,890481.597955083,2878.96257339712,83886.1822222226
115,492126.251644836,1056007.46757203,202925.572419026,101462.821390939,1852522.11302683,33524.0029244194,981295.371117317,3121.89210479042,90813.7731622335
116,529360.207264554,1138892.90445198,219057.621726573,109528.844665229,1996839.57810833,36899.0574504479,1079299.69049243,3375.05452602851,98004.3193751116
117,567654.629218932,1224652.7790658,235785.190521538,117892.627737318,2145985.22654359,40537.0230959151,1184740.88893062,3637.96564546724,105441.198438191
118,606942.857797515,1313165.28473684,253087.087820643,126543.575113447,2299738.80546844,44447.2457837531,1297851.61158713,3910.22268783792,113110.722656516
119,647197.978970389,1404379.41482015,270954.837132661,135477.448545964,2458009.67946916,48638.8258921576,1418856.13801465,4191.58010840455,121004.526427514
120,688451.778306486,1498351.89623212,289399.518408607,144699.788008419,2620902.98095563,53120.8746292614,1547978.80428415,4482.04873710379,129122.666269505
121,730814.653668007,1595286.62546387,308459.112904165,154229.584126772,2788789.97616282,57902.8860101427,1685456.01305588,4782.01138088135,137477.208771727
122,774492.306672118,1695568.85955534,328204.938554207,164102.495866653,2962368.60064832,62995.2213750299,1831551.68026385,5092.33536488716,146095.667207964
123,819795.347622038,1799786.81230757,348745.824933346,174372.938013631,3142700.92287659,68409.6794097881,1986575.20162877,5414.45803475821,155023.521364922
124,867139.843999182,1908736.68381369,370229.284842997,185114.666966747,3331220.47962262,74160.1100462773,2150900.56673361,5750.43063648914,164325.365104841
125,917039.327687874,2023411.67689176,392839.759867101,196419.903516366,3529710.66796311,80263.0229521983,2324985.02634586,6102.91290592107,174084.459612248
126,970090.730870774,2144979.2292019,416794.690177946,208397.367747093,3740262.01799772,86738.149112482,2509385.99570781,6475.12616028363,184400.969361952
127,1026956.9727173,2274751.28688804,442339.274954084,221169.659246724,3965217.19380615,93608.9285402346,2704775.36282135,6870.77942775267,195389.367113537
128,1088347.77366725,2414150.44027,469740.430329556,234870.236080858,4207108.88034766,100902.906410746,2911950.68825681,7293.97787051162,207175.325435468
129,1154997.99670112,2564670.60526515,499279.702157432,249639.871174665,4468588.17529836,108652.025896082,3131842.9689813,7749.11948533622,219892.280724489
130,1227640.59021067,2727826.76203326,531244.126653951,265622.082634951,4752333.56153283,116892.793130597,3365520.2314907,8240.76723451416,233677.262509393
131,1306969.80705016,2905085.55304277,565913.530652473,282956.783877136,5060925.67462254,125666.269275016,3614185.57638881,8773.47614441904,248665.344898118
132,1393589.4824371,3097766.70674249,603542.417416362,301771.22653169,5396669.83312764,135017.818520897,3879167.45833135,9351.54924588108,264981.881942539
133,1487942.66321482,3306907.85704018,644335.046732246,322167.540490761,5761353.107478,144996.513735829,4161899.15356235,9978.69521493255,282731.695230993
134,1590221.75023462,3533090.48652935,688413.248855236,344206.640880789,6155932.12649999,155654.083366627,4463883.81851605,10657.5696307973,301984.664953704
135,1700264.76854084,3776236.71796433,735778.701616043,367889.366616055,6580169.55473728,167043.295998628,4786642.01299065,11389.2126320015,322758.194474599
136,1817451.53080828,4035402.03494587,786274.215755636,393137.12306601,7032264.90457579,179215.726424316,5131640.12701657,12172.4304256884,344998.114025919
137,1940622.70346616,4308606.7264564,839551.839252226,419775.934218767,7508557.20339355,192218.941666801,5500201.22154012,13003.2152424847,368561.094523547
138,2068051.56432313,4592762.46035298,895058.137346439,447529.082693687,8003401.24471623,206093.302107187,5893404.8045765,13874.3604403857,393203.583036381
139,2197496.33988236,4883748.02082621,952046.642935399,476023.334938417,8509314.33858239,220868.730330431,6311987.03708591,14775.4282232442,418582.232509418
140,2326347.21615808,5176663.82199319,1009623.08838331,504811.557134177,9017445.68366875,236561.941234281,6756257.20156861,15693.2109038494,444270.164482691
141,2451857.09567588,5466248.80370233,1066820.66330453,533410.344087304,9518336.90677004,253174.644862678,7226046.60841752,16612.7036283976,469789.406848918
142,2571416.13300547,5747388.83019167,1122692.56950946,561346.296702187,10002843.8294088,270693.114304019,7720702.0083255,17518.4694413412,494655.39990798
143,2682811.76266482,6015609.88249724,1176402.50025153,588201.261604753,10463025.4070183,289089.246647348,8239126.90852063,18396.1323433283,518424.900195124
144,2784416.01365391,6267446.90455933,1227293.07664431,613646.549351044,10892802.5442086,308322.922701764,8779863.75493795,19233.6760544168,540736.846417325
145,2875266.19150065,6500621.63741427,1274919.87001216,637459.945602523,11288267.6445296,328345.185347085,9341200.88637759,20022.2626453206,561337.131439636
146,2955037.24294505,6714021.63054758,1319049.31648477,659524.668423333,11647632.8584007,349101.677662029,9921285.9475975,20756.4923149439,580085.061219916
147,3023932.65833692,6907525.45260437,1359628.45850089,679814.239032196,11970900.8084744,370535.806542487,10518228.5058261,21434.1288804578,596942.558228604
148,3082536.09852742,7081749.03349114,1396739.98419859,698370.001497494,12259395.1177146,392591.280015114,11130180.8121115,22055.4734726273,611952.306285366
149,3131661.53841121,7237781.9919839,1430555.04455271,715277.531306046,12515276.1062539,415213.897796778,11755393.249267,22622.617781664,625212.437155554
150,3172229.15320784,7376964.72098968,1461293.11508714,730646.566219203,12741133.5555039,438352.628775477,12392246.0444244,23138.7309786991,636852.795157382
151,3205176.31045574,7500725.11057071,1489192.42578781,744596.221229361,12939690.0680436,461960.137145669,13039262.8355237,23607.5083701916,647016.791099304
152,3231404.74417099,7610478.56041608,1514491.71285113,757245.864434184,13113620.8818724,485992.920633336,13695111.6919467,24032.7834876677,655848.856423017
153,3251755.54634188,7707577.52658389,1537420.8798568,768710.447622998,13265464.4004056,510411.233067,14358599.3379529,24418.3124336639,663487.646006189
154,3267002.52129701,7793294.33548808,1558197.67134844,779098.843067106,13397593.3712006,535178.911391916,15028662.5581008,24767.6783249155,670063.22014791
155,3277855.76696039,7868822.90860746,1577027.78218884,788513.898197429,13512220.3559541,560263.178188309,15704359.0812413,25084.2667963933,675696.52314049
156,3284968.7385496,7935287.42157952,1594106.24822337,797053.130936179,13611415.5392887,585634.465122618,16384859.441194,25371.2869343089,680500.359952722
157,3288945.53361925,7993751.6385505,1609618.9649813,804809.489047553,13697125.6261986,611266.236780931,17069439.038318,25631.7716583128,684579.597123973
158,3290345.3593605,8045223.8878417,1623743.4527132,811871.7326564,13771184.4325718,637134.868818525,17757472.2749523,25868.632037594,688033.236634269
159,3289684.47512002,8090657.56662794,1636648.81108903,818324.411597296,13835315.2644343,663219.523088875,18448426.7262488,26084.6542703502,690954.451296493
160,3287436.10553578,8130947.82839497,1648494.96481702,824247.488223959,13891126.3869717,689501.982791992,19141856.1708994,26282.4597031166,693429.444650594
161,3284028.13495306,8166924.6594355,1659431.27483319,829715.643004019,13940099.7122258,715966.510750098,19837394.6139513,26464.5279581065,695538.443051912
162,3279839.9425575,8199344.21350867,1669594.81630749,834797.413522085,13983576.3858957,742599.663899671,20534749.0278755,26633.153149573,697354.413924247
163,3275199.38661674,8228880.44034105,1679108.70545726,839554.357886475,14022742.8903015,769390.082459811,21233691.4577796,26790.4185601397,698942.429904085
164,3270380.23088158,8256117.54906067,1688080.57389886,844040.291905032,14058618.6457461,796328.254436023,21934050.511652,26938.1719762124,700359.053872425
165,3265600.73015241,8281544.6353498,1696601.43333707,848300.721429823,14092047.5202691,823406.258199753,22635702.3194118,27078.0037637296,701651.807759739
166,3261023.59837098,8305552.94185915,1704745.01972992,852372.514439556,14123694.0743996,850617.490696371,23338561.206795,27211.2324966185,702858.887383197
167,3256757.50343271,8328436.07379404,1712567.67924798,856283.844019216,14154045.1004939,877956.389516167,24042570.3453142,27338.8988197955,704009.138519235
168,3252860.10597434,8350393.25588506,1720108.81535874,860054.411902251,14183416.5891204,905418.157152756,24747692.6389191,27461.767636589,705122.293604936
169,3249342.46907705,8371535.37408673,1727391.85452262,863695.931318613,14211965.629005,932998.497094345,25453902.1472018,27580.3399415895,706209.508282639
170,3246174.62347242,8391893.44388484,1734425.66818493,867212.837990677,14239706.5735329,960693.369088256,26161176.2651622,27694.8719939105,707274.117960442
171,3243291.98756628,8411428.98216625,1741206.35828168,870603.182886204,14266530.5109004,988498.770057927,26869488.8501237,27805.4009696711,708312.584961444
172,3240602.30604555,8430045.6815377,1747719.29857213,873859.652884571,14292226.93904,1016410.54585904,27578804.4422796,27911.775801109,709315.592155878
173,3237992.75920683,8447601.74703157,1753941.31598303,876970.66144892,14316506.4836704,1044424.23701701,28289073.6577858,28013.6911579772,710269.215506278
174,3235336.92818654,8463922.30176401,1759842.90374882,879921.455196248,14339023.5888956,1072534.95970054,29000229.7729286,28110.72268353,711156.115142785
175,3232501.33160166,8478811.30512892,1765390.36382838,882695.185105776,14359398.1856647,1100737.32111132,29712186.4491856,28202.3614107773,711956.676256966
176,3229351.33095736,8492062.57926068,1770547.80357436,885273.904853621,14377235.618646,1129025.36763856,30424836.5287535,28288.0465272376,712650.079567876
177,3225756.08266233,8503469.39434893,1775278.88865053,887639.447271471,14392143.8129333,1157392.57001166,31138052.0406795,28367.2023731032,713215.511926018
178,3221592.73482591,8512832.67255498,1779548.34876353,889774.177212451,14403747.9333569,1185831.82128386,31851684.5504747,28439.2512722011,713632.50979526
179,3216749.50364751,8519967.42934136,1783323.17968088,891661.59256013,14411701.7052299,1214335.46932163,32565566.6392942,28503.6480377689,713882.08881947
180,3211127.9360956,8524707.6955156,1786573.57063301,893286.787929556,14415695.9901738,1242895.35754655,33279513.5799366,28559.8882249175,713946.940642439
181,3204644.26821176,8526909.85833025,1789273.55027051,894636.777645849,14415464.4544584,1271502.88107403,33993325.4754058,28607.5235274762,713811.895469125
182,3197229.87168086,8526454.35042361,1791401.3352078,895700.670016051,14410786.2273283,1300149.05316504,34706789.6808626,28646.1720910189,713464.205456875
183,3188831.05766057,8523246.10652364,1792939.45342303,896469.729029084,14401486.3466363,1328824.57376273,35419683.2368691,28675.5205976868,712893.556006476
184,3179408.42684227,8517214.11670612,1793874.70103144,896937.352742416,14387434.5973222,1357519.89677801,36131775.2134982,28695.3230152824,712091.976629063
185,3168935.69315625,8508309.96238522,1794197.91238936,897098.958334063,14368542.5262649,1386225.29753346,36842829.0151741,28705.4007554476,711053.801675871
186,3157398.20277872,8496505.69866842,1793903.60717168,896951.805641337,14344759.3142601,1414930.93499964,37552604.4731418,28705.6374661834,709775.457967728
187,3144791.3159768,8481791.38558274,1792989.56892353,896494.786436667,14316067.0569197,1443626.90710774,38260859.6775876,28695.9721080954,708255.204445802
188,3131118.75039859,8464172.45913057,1791456.3901978,895728.196996366,14282475.7967233,1472303.29931793,38967352.5626034,28676.3922101932,706492.885015823
189,3116390.85443482,8443666.88264644,1789306.97300316,894653.488324643,14244018.1984091,1500950.22572562,39671842.2218257,28646.9264076883,704489.65922232
190,3100623.03236422,8420302.49200871,1786546.06015837,893273.031830766,14200744.6163621,1529557.86233337,40374089.9531173,28607.6366077517,702247.731291607
191,3083834.29116218,8394114.48344095,1783179.78813399,891589.895749895,14152718.458487,1558116.47246149,41073860.032965,28558.6101281177,699770.079847619
192,3066045.99117544,8365143.21930339,1779215.29477796,889607.649005895,14100012.1542627,1586616.42648458,41770920.2993583,28499.9540230893,697060.266393341
193,3047280.77587453,8333432.30095028,1774660.37201179,887330.187559406,14042703.636396,1615048.21481172,42465042.5086221,28431.7883271398,694122.209263757
194,3027561.74053108,8299027.03495513,1769523.18738354,884761.595184369,13980873.5580541,1643402.45535825,43156002.5130366,28354.2405465262,690960.004414581
195,3006911.80794241,8261973.2577645,1763812.06962839,881906.036248266,13914603.1715836,1671669.89845488,43843580.3555434,28267.443096637,687577.842506781
196,2985353.29770006,8222316.4864245,1757535.35156586,878767.67716077,13843972.8128512,1699841.4275447,44527560.2311031,28171.5290898134,683979.875559725
197,2962907.6897688,8180101.42224634,1750701.27703647,875350.63984205,13769061.0288937,1727908.05940138,45207730.4336519,28066.6318566867,680170.202548802
198,2939595.55280822,8135371.74354326,1743317.95926824,871658.98090603,13689944.2365257,1755860.94156733,45883883.2196716,27952.8821659517,676152.786019631
199,2915436.61383065,8088170.16393118,1735393.3877715,867696.695107788,13606696.8606411,1783691.34979796,46555814.6775004,27830.4082306265,671931.457828842
200,2890449.9288896,8038538.69103841,1726935.47267595,863467.737512096,13519391.8301161,1811390.6876313,47223324.6644712,27699.3378333384,667509.986970767
201,2864654.158044,7986519.07981991,1717952.12425892,858976.06325754,13428101.4253804,1838950.48496126,47886216.72038,27559.7973299595,662892.055908859
202,2838067.89265465,7932153.3993522,1708451.35408442,854225.67812606,13332898.3242173,1866362.39835353,48544298.0406598,27411.9133922742,658081.320279755
203,2810710.02589234,7875484.70044836,1698441.39593036,849220.69900653,13233856.8212776,1893618.21480975,49197379.556477,27255.8164562192,653081.515817188
204,2782600.142747,7816557.72960825,1687930.83545829,843965.418729662,13131054.1265432,1920709.85565156,49845276.0261837,27091.6408418091,647896.469706684
205,2753758.90159035,7755419.64581033,1676928.74156644,838464.371744509,13024571.6607116,1947629.38299238,50487806.2087859,26919.5273408145,642530.182602279
206,2724208.40453722,7692120.73488698,1665444.79851264,832722.400179917,12914496.3381168,1974369.00923668,51124793.130235,26739.6262443052,636986.921449028
207,2693972.50837671,7626715.02016723,1653489.41925578,826744.710515271,12800921.658315,2000921.10612362,51756064.3423019,26552.0968869359,631271.212066896
208,2663077.15150034,7559260.92921487,1641073.87120401,820536.936454589,12683948.8883738,2027278.22045389,52381452.375217,26357.1143302771,625388.032915153
209,2631550.54174859,7489821.69337071,1628210.35204531,814105.176841809,12563687.7640064,2053433.08514252,53000795.0601067,26154.8646886298,619342.684889674
210,2599423.35731272,7418465.79657942,1614912.076785,807456.039179535,12440257.2698567,2079378.63756012,53613936.059274,25945.5524175921,613140.999167353
211,2566728.82194997,7345267.17990985,1601193.31916712,800596.660339737,12313785.9813667,2105108.03414045,54220725.2891275,25729.3965803334,606789.229853414
212,2533502.74811743,7270305.39636261,1587069.44499533,793534.72322419,12184412.3126996,2130614.66845342,54821019.4392174,25506.6343129715,600294.150089934
213,2499783.50483358,7193665.62442498,1572556.91965262,786278.46052435,12052284.5094355,2155892.18954006,55414682.4947777,25277.5210866425,593663.055560313
214,2465611.89319671,7115438.49370765,1557673.28019061,778836.640765974,11917560.307861,2180934.51679579,56001586.1555276,25042.3272557314,586903.66074986
215,2431031.01440037,7035719.91279163,1542437.10937864,771218.555333693,11780406.5919043,2205735.86112135,56581610.4268492,24801.3443255597,580024.271321639
216,2396086.00871952,6954610.61422648,1526867.95487773,763433.978057969,11640998.5558817,2230290.73545252,57154643.901495,24554.874331167,573033.474645741
217,2360823.82765679,6872215.79148017,1510986.26796996,755493.134579811,11499519.0216867,2254593.9763294,57720584.347354,24303.2408768828,565940.445859022
218,2325292.88509798,6788644.4489356,1494813.28514327,747406.643143142,11356157.26232,2278640.74942464,58279338.8324479,24046.7730952352,558754.485093936
219,2289542.75105977,6704008.87381502,1478370.93574184,739185.468420018,11211108.0290367,2302426.57033335,58830824.2732459,23785.8209087146,551485.440798037
220,2253623.76367003,6618423.89224101,1461681.70530334,730840.853179234,11064570.2143936,2325947.30880989,59374967.5066716,23520.7384765325,544143.233425669
221,2217586.66534847,6532006.17589552,1444768.50885945,722384.254936605,10916745.60504,2349199.19689942,59911705.4654766,23251.8880895386,536737.958804995
222,2181482.22141077,6444873.50587365,1427654.55586307,713827.278418537,10767837.561566,2372178.83645508,60440985.328074,22979.6395556512,529279.862597436
223,2145360.84312925,6357144.0244616,1410363.21149551,705181.606215665,10618049.685302,2394883.20281646,60962764.5530971,22704.3663613885,521779.225023054
224,2109272.22692543,6268935.49979786,1392917.85906413,696458.929981628,10467584.515769,2417309.64465908,61477010.8023097,22426.4418426123,514246.249212556
225,2073265.01329166,6180364.62056503,1375341.76749722,687670.884180545,10316642.2855345,2439455.88351684,61983701.8492412,22146.2388577671,506691.046931542
226,2037386.458893,6091546.30665483,1357657.96124593,678828.981037965,10165419.7078317,2461320.01284215,62482825.4680267,21864.1293253074,499123.618785501
227,2001682.15195329,6002593.08202156,1339889.09996954,669944.550383499,10014108.8843279,2482900.49110982,62974379.1569873,21580.4782676706,491553.688960642
228,1966195.75812645,5913614.50172132,1322057.36793282,661028.6843495,9862896.31213009,2504196.13482713,63458369.8578378,21295.6437173053,483990.700850487
229,1930968.78287043,5824716.60605959,1304184.368173,652092.184454571,9711961.94155759,2525206.11215068,63934813.6863896,21009.9773235526,476443.828551784
230,1896040.39007848,5736001.46898215,1286291.03279423,643145.516750756,9561478.40860562,2545929.93162476,64403735.5327514,20723.8194740764,468921.846361741
231,1861447.2548618,5647566.80972798,1268397.54465869,634198.772669116,9411610.38191759,2566367.43012736,64865168.6419731,20437.4985026042,461433.109221727
232,1827223.44225545,5559505.65295628,1250523.26789016,625261.634271531,9262513.99737343,2586518.76099325,65319154.1994469,20151.3308658912,453985.557473853
233,1793400.31838215,5471906.04789519,1232686.68890558,616343.34476644,9114336.39994936,2606384.38110194,65765740.8894737,19865.6201086901,446586.690026738
234,1760006.50925804,5384850.87785877,1214905.37372693,607452.687164818,8967215.44800855,2625965.03545183,66204984.3938714,19580.654349884,439243.504397772
235,1727067.88607974,5298417.72420008,1197195.93544271,598597.96801089,8821279.51373341,2645261.74174677,66636946.8962354,19296.7062949454,431962.502363913
236,1694607.54958007,5212678.72792856,1179574.00132749,589787.000941925,8676647.27977804,2664275.77726875,67061696.6414242,19014.0355219818,424749.745188855
237,1662645.8980134,5127700.61946927,1162054.2107388,581027.105636676,8533427.83385815,2683008.65975533,67479307.3609989,18732.8824865813,417610.71957466
238,1631200.6516884,5043544.66500219,1144650.19810655,572325.099310071,8391720.61410721,2701462.13438535,67889857.8454166,18453.4746300117,410550.484417692
239,1600286.95316218,4960266.76846083,1127374.60464156,563687.302567504,8251615.62883207,2719638.15560857,68293431.4052732,18176.0212232205,403573.559856638
240,1569917.44424295,4877917.53163252,1110239.08271243,555119.541593264,8113193.60018116,2737538.87254459,68690115.4209763,17900.7169360211,396684.015703112
241,1540102.36519423,4796542.36096458,1093254.30890456,546627.154680035,7976526.18974339,2755166.61368158,69080000.8805069,17627.7411369882,389885.459530637
242,1510849.69924466,4716181.68016164,1076430.01741921,538215.008928432,7841676.40575395,2772523.8695354,69463181.890023,17357.2558538225,383181.009516075
243,1482165.26683417,4636871.03666377,1059775.01367112,529887.507045805,7708698.82421486,2789613.27988789,69839755.2824338,17089.4103524922,376573.392410755
244,1454052.87797144,4558641.34204062,1043297.21352667,521648.606965336,7577640.04050406,2806437.61778255,70209820.1740688,16824.3378946558,370064.891634986
245,1426514.46443024,4481519.07547051,1027003.67599609,513501.838192126,7448539.05408897,2822999.77584907,70573477.5786756,16562.1580665195,363657.404606789
246,1399550.20500781,4405526.47396894,1010900.63348247,505450.316927707,7321427.62938692,2839302.75358456,70930830.0437981,16302.9777354905,357352.465122521
247,1373158.68741841,4330681.82008842,994993.541490629,497496.770924474,7196330.81992194,2855349.64316612,71281981.2832109,16046.8895815685,351151.239412814
248,1347337.01865501,4256999.60898446,979287.104991477,489643.552667873,7073267.28529881,2871143.61878755,71627035.8676687,15793.9756214255,345054.584457844
249,1322080.98802548,4184490.85747858,963785.333269957,481892.666800363,6952249.84557439,2886687.92357851,71966098.9050767,15544.3047909616,339063.037408009
250,1297385.17469141,4113163.27726303,948491.568129334,474245.784223567,6833285.80430734,2901985.86001053,72299275.7692249,15297.9364320189,333176.8641482
251,1273243.09445311,4043021.56161592,933408.535277296,466704.267791317,6716377.45913764,2917040.7786797,72626671.8338564,15054.918669166,327396.064631462
252,1249647.31286266,3974067.5915631,918538.380006179,459269.190149773,6601522.47458171,2931856.06923306,72948392.238907,14815.2905533612,321720.405050591
253,1226589.56404145,3906300.66453248,903882.707722182,451941.354002023,6488714.29029813,2946435.15130786,73264541.670074,14579.0820748014,316149.431166962
254,1204060.86816957,3839717.73485187,889442.627681619,444721.313976215,6377942.54467927,2960781.46609403,73575224.1700861,14346.314786166,310682.50001213
255,1182051.62778309,3774313.59711252,875218.785130558,437609.392695375,6269193.40272154,2974898.4688754,73880542.9532199,14117.0027813795,305318.78313385
256,1160551.7352361,3710081.11941063,861211.404604244,430605.702427117,6162449.96167809,2988789.62177423,74180600.2585082,13891.1528988215,300057.305288255
257,1139550.6597432,3647011.42188746,847420.322151885,423710.161196037,6057692.56497859,3002458.3873859,74475497.2053029,13668.7656116686,294896.946794704
258,1119037.53398659,3585094.06389683,833845.019824626,416922.510027698,5954899.12773574,3015908.22276282,74765333.6682607,13449.8353769286,289836.46295777
259,1099001.23525672,3524317.2325972,820484.661383923,410242.330802822,5854045.46004066,3029142.57415785,75050208.1849726,13234.3513950231,284874.516711935
260,1079430.45447218,3464667.89170119,807338.119488487,403669.059850758,5755105.52551261,3042164.87203164,75330217.8494631,13022.2978737946,280009.664490506
261,1060313.76485789,3406131.94575001,794404.006984684,397202.003594679,5658051.72118727,3054978.5266469,75605458.2394643,12813.6546152551,275240.390001178
262,1041639.68048836,3348694.3867084,781680.705174391,390840.35268552,5562855.12505667,3067586.92427924,75876023.3606181,12608.3976323474,270565.121153817
263,1023396.71091428,3292339.42382309,769166.388326446,384583.194257692,5469485.7173215,3079993.42350496,76142005.5812427,12406.4992257119,265982.220624641
264,1005573.40886183,3237050.61309594,756859.0492104,378429.524695965,5377912.59586414,3092201.35227482,76403495.60197,12207.9287698641,261490.020727277
265,988158.413382302,3182810.9704551,744756.521089087,372378.26063175,5288104.16555824,3104214.00508037,76660582.4183515,12012.6528055486,257086.816381454
266,971140.487382544,3129603.0786761,732856.4990016,366428.249584587,5200028.31464483,3116034.64062425,76913353.3014003,11820.6355438782,252770.883048877
267,954508.55046025,3077409.18418002,721156.559166799,360578.279663901,5113652.57347097,3127666.47976699,77161893.783611,11631.8391427398,248540.482210606
268,938251.707508779,3026211.28523447,709654.176833214,354827.088493952,5028944.25807042,3139112.70373337,77406287.6508293,11446.223966381,244393.867218345
269,922359.27255537,2975991.21223999,698346.742864692,349173.371506658,4945870.59916671,3150376.45269132,77646616.9450008,11263.748957952,240329.294171482
270,906820.789566845,2926730.69990979,687231.578701886,343615.789422342,4864398.85760086,3161460.82444676,77882961.9670328,11084.3717554454,236345.022032037
271,891626.048669514,2878411.45222261,676305.95022867,338152.975182934,4784496.42630373,3172368.87353116,78115401.2915883,10908.0490843933,232439.324555472
272,876765.100156578,2831015.20045109,665567.080190232,332783.540161025,4706130.92095892,3183103.61033387,78344011.7797803,10734.7368027167,228610.488191992
273,862228.264483503,2784523.75448122,655012.159566192,327506.079846421,4629270.25837734,3193668.00058428,78568868.6020989,10564.3902504067,224856.822318599
274,848006.140722045,2738919.0485389,644638.357732877,322319.17892728,4553882.7259211,3204064.96482881,78790045.2580596,10396.9642445263,221176.655960679
275,834089.611430881,2694183.18078818,634442.831673166,317221.415895039,4479937.03978727,3214297.3782422,79007613.6054879,10232.413413391,217568.347428322
276,820469.846244896,2650298.44817131,624422.734158327,312211.367135327,4407402.39570986,3224368.07043574,79221643.8870331,10070.6921935398,214030.281545267
277,807138.302875017,2607247.37608386,614575.221058385,307287.610583154,4336248.51060042,3234279.82549648,79432204.7625733,9911.75506073702,210560.875540197
278,794086.726365933,2565012.74339371,604897.457754465,302448.728929078,4266445.65644319,3244035.38213201,79639363.3429177,9755.55663553206,207158.580344334
279,781307.147907841,2523577.60458011,595386.624874084,297693.312486855,4197964.68984889,3253637.43376257,79843185.2198164,9602.05163056636,203821.876898706
280,768791.881445999,2482925.30738299,586039.923269633,293019.961682676,4130777.0737813,3263088.62881845,80043734.5011561,9451.19505587686,200549.28133975
281,756533.519326519,2443039.5073557,576854.578381461,288427.289236714,4064854.8943004,3272391.57110878,80241073.8466998,9302.94229033217,197339.345543623
282,744524.925554058,2403904.17746484,567827.843780869,283913.921934615,4000170.86873438,3281548.82046971,80435264.5108995,9157.24936092319,194190.66419974
283,732759.232298124,2365503.61997178,558957.004658584,279478.50237174,3936698.35930022,3290562.89282668,80626366.3656565,9014.07235697284,191101.854757041
284,721229.831650617,2327822.47113033,550239.380395248,275119.690238407,3874411.37341461,3299436.26095252,80814437.9439081,8873.36812583776,188071.57825157
285,709930.367241828,2290845.70374658,541672.326621255,270836.163349812,3813284.56095947,3308171.35521972,80999536.4810162,8735.09426720673,185098.537108138
286,698854.729163412,2254558.6330765,533253.237478998,266626.618777147,3753293.21849605,3316770.56375951,81181717.9369927,8599.20853978302,182181.455976427
287,687997.043935955,2218946.91474415,524979.546826373,262489.773449358,3694413.27895583,3325236.23341127,81361037.0416306,8465.66965176584,179319.104637891
288,677351.665983551,2183996.54328524,516848.729324921,258424.364697214,3636621.30329093,3333570.67044082,81537547.3309723,8334.43702954333,176510.289341688
289,666913.171826572,2149693.85402109,508858.301830776,254429.150948779,3579894.47862722,3341776.14072577,81711301.1675163,8205.47028495325,173753.836544052
290,656676.348230823,2116025.51459037,501005.823380187,250502.911722175,3524210.59792356,3349854.87104676,81882349.7914016,8078.73032098869,171048.623885244
291,646636.186133326,2082978.52444858,493288.896057373,246644.44805951,3469548.05469879,3357809.04933131,82050743.3402115,7954.17828454729,168393.54880999
292,636787.871812018,2050540.20938047,485705.165159886,242852.582609558,3415885.82896193,3365640.82540443,82216530.8827135,7831.77607312519,165787.542501956
293,627126.777147597,2018698.21337787,478252.318899952,239126.15947843,3363203.46890385,3373352.31195821,82379760.4574483,7711.48655377794,163229.574734837
294,617648.453094009,1987440.49525404,470928.088672114,235464.044363395,3311481.08138355,3380945.58490942,82540479.0935054,7593.27295121085,160718.636057064
295,608348.621188984,1956755.32128376,463730.248725622,231865.124389077,3260699.31558744,3388422.68416193,82698732.8418834,7477.09925250942,158253.748378009
296,599223.164372194,1926631.25562625,456656.615442029,228328.30774625,3210839.34318672,3395785.61458541,82854566.8115988,7362.93042348046,155833.969715416
297,590268.121684268,1897057.15734524,449705.047497173,224852.523772833,3161882.85029951,3403036.34617419,83008025.1831558,7250.73158878041,153458.371556997
298,581479.678734032,1868022.16888914,442873.444755941,221436.722401266,3113812.01478038,3410176.81518603,83159151.247535,7140.4690118432,151126.06437923
299,572854.161704799,1839515.71058425,436159.747973491,218079.874009128,3066609.49427166,3417208.92454107,83307987.4247286,7032.10935503477,148836.177193537
300,564388.03044642,1811527.4729648,429561.938153623,214780.969098317,3020258.41066316,3424134.5444527,83454575.2880066,6925.61991163064,146587.863278061
301,556077.870782695,1784047.40675645,423078.035501052,211539.017771188,2974742.33081139,3430955.51333703,83598955.5945462,6820.96888433537,144380.306539565
302,547920.38980382,1757065.7185967,416706.099208142,208353.049623923,2930045.25723258,3437673.63800128,83741168.2971276,6718.12466424424,142212.702581421
303,539912.407846596,1730572.85920055,410444.22605296,205222.113045553,2886151.60614566,3444290.69476567,83881252.5789984,6617.05676439172,140084.281870723
304,532050.854623484,1704559.51997955,404290.550265862,202145.275151256,2843046.20002015,3450808.42952144,84019246.8613821,6517.73475576984,137994.28238371
305,524332.761576297,1679016.62085768,398243.241994299,199121.621014756,2800714.24544304,3457228.55890382,84155188.8384119,6420.12938238448,135941.9770298
306,516755.258779527,1653935.30786205,392300.507277091,196150.253655462,2759141.32757413,3463552.770217,84289115.4806162,6324.21131317597,133926.642204344
307,509315.56770821,1629306.94079833,386460.586416577,193230.293224541,2718313.38814766,3469782.72264601,84421063.0697255,6229.95242901333,131947.589109316
308,502010.997941731,1605123.08962325,380721.75371352,190360.876872376,2678216.71815088,3475920.04734217,84551067.2053915,6137.3246961562,130004.135665998
309,494838.942368174,1581375.52695985,375082.316563464,187541.158296736,2638837.94418822,3481966.34802055,84679162.8241273,6046.30067838402,128095.618735731
310,487796.871634549,1558056.21826983,369540.614137114,184770.307082972,2600164.01112447,3487923.20189339,84805384.2258683,5956.85387284029,126221.401741028
311,480882.33222428,1535157.3206712,364095.017466725,182047.508747212,2562182.17910942,3493792.15942815,84929765.0720064,5868.95753475279,124380.846138135
312,474092.940518799,1512671.1713329,358743.927785273,179371.963905943,2524880.00354292,3499574.74556347,85052338.4179995,5782.58613532782,122573.345993057
313,467426.379855527,1490590.28304574,353485.77603268,176742.888029125,2488245.32696307,3505272.45994114,85173136.7221107,5697.7143776617,120798.304111257
314,460880.397991974,1468907.34070058,348319.022511609,174159.511268088,2452266.27247225,3510886.77700531,85292191.8509248,5614.31706417724,119055.128814057
315,454452.802260521,1447615.19125439,343242.155411902,171621.077717753,2416931.22664456,3516419.14707368,85409535.1073902,5532.37006836431,117343.256465405
316,448141.457081145,1426706.83965454,338253.690328593,169126.845175636,2382228.83223991,3521870.9965549,85525197.2385053,5451.84948121989,115662.131115109
317,441944.281880177,1406175.44576039,333352.169950901,166676.084986345,2348147.98257782,3527243.72801268,85639208.4393718,5372.73145778384,114011.200866461
318,435859.247234735,1386014.31598606,328536.162812054,164268.081416494,2314677.80744934,3532538.7210599,85751598.3762397,5294.99304722389,112389.936867952
319,429884.372359309,1366216.89839208,323804.262618669,161902.131319392,2281807.66468945,3537757.33274729,85862396.197558,5218.61168738641,110797.821318284
320,424017.723125092,1346776.77912828,319155.087810378,159577.543914852,2249527.1339786,3542900.89774916,85971630.5402258,5143.56500187144,109234.342667773
321,418257.410043703,1327687.67863452,314587.281071099,157293.640544833,2217826.01029416,3547970.72858804,86079329.5366458,5069.83083887957,107698.996420041
322,412601.58505986,1308943.44397051,310099.508121205,155049.754069522,2186694.2912211,3552968.11652371,86185520.8366715,4997.38793566916,106191.300025687
323,407048.440161016,1290538.04637841,305690.457440909,152845.228729025,2156122.17270936,3557894.33160273,86290231.6102722,4926.21507901652,104710.773600742
324,401596.205422836,1272465.57700308,301358.83965266,150679.419834564,2126100.04191314,3562750.62301892,86393488.5571705,4856.29141619196,103256.946898237
325,396243.146887343,1254720.24191472,297103.386759037,148551.69338743,2096618.46894853,3567538.21960511,86495317.9192634,4787.59658619203,101829.362092912
326,390987.56521392,1237296.35939559,292922.851790015,146461.425902609,2067668.20230214,3572258.32994533,86595745.4843809,4720.11034021853,100427.565117508
327,385827.793862188,1220188.35546066,288816.008111085,144408.004062845,2039240.16149678,3576912.14284071,86694796.5978823,4653.81289537763,99051.1135013849
328,380762.197579013,1203390.76022634,284781.648877047,142390.82444554,2011325.43112794,3581500.82763273,86792496.1709158,4588.68479202269,97699.5730335116
329,375789.170712096,1186898.20368069,280818.586361301,140409.293187392,1983915.25394148,3586025.53462576,86888868.6907739,4524.70699302666,96372.5198581368
330,370907.124309009,1170705.37387116,276925.642871845,138462.821442399,1957000.96249441,3590487.40364095,86983938.4036878,4461.86901519028,95069.7129138261
331,366114.53795043,1154807.19146555,273101.689827544,136550.844919995,1930574.26416352,3594887.52596524,87077728.5073553,4400.12232428836,93790.1036675274
332,361409.855975707,1139198.46280503,269345.570697776,134672.785354867,1904626.67483338,3599227.01890847,87170262.7360225,4339.49294323847,92534.2286672294
333,356791.612014735,1123874.29856282,265656.194443738,132828.097227614,1879150.2022489,3603506.93489459,87261563.4297304,4279.91598611651,91300.6937078834
334,352258.297274324,1108829.67196853,262032.43733144,131016.218671239,1854136.62524554,3607728.35672843,87351653.5596201,4221.42183383834,90090.1298897415
335,347808.467778867,1094059.7810111,258473.223872415,129236.611941511,1829578.08460389,3611892.31846727,87440555.0474009,4163.96173883835,88901.4877807647
336,343440.704896331,1079559.91502374,254977.497121182,127488.748565686,1805466.86560694,3615999.83438859,87528289.3809946,4107.51592131797,87734.3335937262
337,339153.580938245,1065325.34064786,251544.193426353,125772.096718072,1781795.21173053,3620051.92313273,87614878.1277798,4052.08874414768,86588.7467851937
338,334945.705896208,1051351.45721821,248172.277347575,124086.138678491,1758555.57914048,3624049.57407507,87700342.2221958,3997.65094233956,85464.0944159329
339,330815.707787101,1037633.73503441,244860.727944755,122430.363976897,1735740.53474316,3627993.75957665,87784702.2246005,3944.1855015764,84360.0024047047
340,326762.242181534,1024167.74384649,241608.545354576,120804.27268163,1713342.80406423,3631885.42929983,87867978.2027317,3891.66972318152,83275.9781312346
341,322783.952879277,1010949.02312519,238414.721642921,119207.360825632,1691355.05847302,3635725.53783916,87950190.3161481,3840.10853932891,82212.1134163886
342,318879.524149044,997973.257994831,235278.280752268,117639.140380142,1669770.20327628,3639515.00583915,88031357.994436,3789.4679999873,81167.6782879084
343,315047.643233075,985236.152882746,232198.249877533,116099.124942617,1648581.17093597,3643254.74758342,88111500.5198895,3739.74174427008,80142.5254535228
344,311287.009207497,972733.461937023,229173.66652856,114586.83326798,1627780.97094106,3646945.66390045,88190636.8780015,3690.91631703032,79136.3581120223
345,307596.391965649,960461.180853332,226203.622178758,113101.811092934,1607363.00609067,3650588.60142315,88268784.8998971,3642.93752270658,78148.0218955576
346,303974.485439709,948415.068805262,223287.153986572,111643.576996701,1587320.28522824,3654184.45355506,88345963.3900015,3595.85213190317,77178.4901043922
347,300420.039029551,936591.075866015,220423.341667253,110211.670836908,1567646.12739973,3657734.06997097,88422190.2186171,3549.61641590949,76226.8286155611
348,296931.821623857,924985.229950757,217611.282182194,108805.64109425,1548333.97485106,3661238.27917409,88497482.7971885,3504.20920312544,75292.5785714835
349,293508.598257684,913593.555003604,214850.070944916,107425.035475487,1529377.25968169,3664697.90712066,88571858.4707012,3459.62794657191,74375.6735126823
350,290149.179139428,902412.232596183,212138.838863179,106069.4194345,1510769.67003329,3668113.74242739,88645333.7868922,3415.83530672174,73475.3161909431
351,286852.323411754,891437.288798585,209476.680993927,104738.34049976,1492504.63370403,3671486.60215045,88717925.8778809,3372.85972306225,72592.0909887254
352,283616.854397877,880664.970847463,206862.742555075,103431.371280224,1474575.93908064,3674817.25165264,88789650.7761671,3330.64950219169,71724.8982862234
353,280441.580629674,870091.48699893,204296.15953394,102148.079769551,1456977.3069321,3678106.46013616,88860524.5817076,3289.20848352509,70873.8055404425
354,277325.32854394,859713.113707199,201776.083255634,100888.041630297,1439702.56713707,3681354.97768937,88930562.9799952,3248.5175532084,70038.3982876688
355,274266.935579081,849526.173190652,199301.675306409,99650.8376555875,1422745.62173173,3684563.53974013,88999781.3351252,3208.56205075607,69218.3551299572
356,271265.253521834,839527.043515096,196872.109890478,98436.0549475284,1406100.46187494,3687732.8650694,89068194.6487241,3169.32532927347,68413.3135989308
357,268319.118559903,829712.061373428,194486.551576972,97243.2757906858,1389761.00730099,3690863.67581436,89135817.9780409,3130.81074496079,67623.3293167949
358,265427.400041902,820077.679900531,192144.191535279,96072.095769753,1373721.36724747,3693956.6647441,89202665.75199,3092.98892973317,66847.7739490718
359,262588.971402043,810620.373432287,189844.225638114,94922.1128210875,1357975.68329353,3697012.51481251,89268752.1786132,3055.85006841039,66086.4266232252
360,259802.708427873,801336.63178042,187585.853237277,93792.9266205895,1342518.12006616,3700031.90048099,89334091.2738746,3019.38566847844,65339.0952614248
361,257067.499416732,792222.992459548,185368.28454981,92684.1422767796,1327342.91870287,3703015.48104193,89398696.721825,2983.58056094358,64605.4479503334
362,254382.254391462,783276.068335169,183190.746944828,91595.3734742149,1312444.44314567,3705963.89551402,89462581.7686615,2948.41447208682,63885.0468365103
363,251745.862264217,774492.4129595,181052.454209504,90526.2271064824,1297816.9565397,3708877.78871498,89525759.7647365,2913.89320096374,63177.996075049
364,249157.246096366,765868.692043563,178952.645657551,89476.3228304377,1283454.90662792,3711757.77875424,89588243.49007,2879.9900392564,62483.7253334969
365,246615.329602843,757401.580374937,176890.562671954,88445.2813375743,1269352.75398731,3714604.47566955,89650045.5388214,2846.6969153122,61802.0487513393
366,244119.025067337,749087.721759533,174865.43944604,87432.7197245546,1255504.90599746,3717418.48965081,89711178.4901016,2814.01398126595,61132.9512802809
367,241667.317700902,740923.988225395,172876.562100398,86438.2810516734,1241906.14907837,3720200.3844023,89771653.9475994,2781.89475149056,60475.4574977458
368,239259.159725487,732907.154169742,170923.194401977,85461.5972024049,1228551.10549961,3722950.73592756,89831483.7507992,2750.35152525268,59829.8031998128
369,236893.509495614,725034.016427667,169004.605121477,84502.3025620994,1215434.43360686,3725670.11055827,89890679.5210235,2719.37463071477,59195.770224303
370,234569.338412318,717301.412856016,167120.072129709,83560.0360661621,1202550.8594642,3728359.06254883,89949252.6130211,2688.95199055737,58573.0919976234
371,232285.637896951,709706.243988623,165268.887380098,82634.4436913053,1189895.21295698,3731018.13033775,90007214.0389656,2659.06778891571,57961.4259444773
372,230041.399191644,702245.409835624,163450.342384968,81725.1711936911,1177462.32260593,3733647.84743709,90064574.6897489,2629.71709934156,57360.6507833451
373,227835.643014786,694915.900188857,161663.748839287,80831.8744208032,1165247.16646373,3736248.72758224,90121345.0339173,2600.88014514884,56770.3441683501
374,225667.407495683,687714.755397683,159908.429523998,79954.2147631131,1153244.80718048,3738821.27217989,90177535.2703908,2572.54459765041,56190.2364734709
375,223535.749413873,680639.07246319,158183.719868786,79091.8599354638,1141450.40168131,3741365.96885897,90233155.2996353,2544.69667908549,55620.0292445272
376,221439.698055935,673685.859566798,156488.934398751,78244.467200404,1129858.95922189,3743883.31646673,90288215.2299799,2517.34760775557,55059.9303446263
377,219378.364706791,666852.372782389,154823.443833681,77411.7219178291,1118465.90324069,3746373.76926196,90342724.2473955,2490.45279522985,54509.0174155384
378,217350.798094829,660135.669794855,153186.572797602,76593.2863997504,1107266.32708704,3748837.81178219,90396692.1336734,2464.04252022924,53967.8862779289
379,215356.117914757,653533.021157544,151577.693996937,75788.8469993811,1096255.68006862,3751275.89002219,90450127.8704447,2438.07824000344,53435.7367713451
380,213393.453909829,647041.721163065,149996.184829415,74998.0924155842,1085429.45231789,3753688.44406167,90503040.3034672,2412.55403947691,52912.4330224544
